City_ID,City,Cloudiness,Country,Date,Humidity,Latitude,Longitude,Max Temp,Wind Speed
0,Atuona,85,PF,1603738920,73,-9.8,-139.03,79.14,19.33
1,Makakilo City,1,US,1603738907,83,21.35,-158.09,75.2,3.36
2,Port Lincoln,2,AU,1603739046,88,-34.73,135.87,53.98,8.32
3,Barra do Corda,100,BR,1603739046,42,-5.5,-45.25,94.98,2.89
4,Cape Town,0,ZA,1603738910,77,-33.93,18.42,68.0,11.41
5,Svetlaya,0,RU,1603739046,70,46.54,138.33,40.05,4.29
6,Olafsvik,100,IS,1603738925,79,64.89,-23.71,40.51,15.5
7,Rikitea,100,PF,1603738902,85,-23.12,-134.97,75.42,18.79
8,Jamestown,90,US,1603738935,100,42.1,-79.24,48.0,6.93
9,Chake Chake,0,TZ,1603739047,81,-5.25,39.77,76.46,6.15
10,Sehithwa,0,BW,1603739047,16,-20.47,22.72,80.49,8.52
11,Hobart,90,AU,1603738818,57,-42.88,147.33,51.8,6.93
12,Zunyi,100,CN,1603739047,86,27.69,106.91,58.89,1.14
13,Saint-Philippe,52,RE,1603738939,83,-21.36,55.77,71.6,5.82
14,Deqing,100,CN,1603739048,99,30.54,119.96,64.0,7.0
15,Albany,100,US,1603738900,82,42.6,-73.97,48.99,5.86
16,Hervey Bay,94,AU,1603738919,92,-25.3,152.85,73.99,1.01
17,Vila Franca do Campo,20,PT,1603738907,82,37.72,-25.43,68.0,19.46
18,Krk,75,HR,1603739048,77,45.03,14.57,64.0,17.22
19,Thompson,75,CA,1603738911,58,55.74,-97.86,26.6,10.29
20,São Filipe,100,CV,1603738904,70,14.9,-24.5,82.2,12.1
21,Hithadhoo,0,MV,1603738869,67,-0.6,73.08,83.16,6.89
22,Narsaq,75,GL,1603738633,28,60.92,-46.05,46.4,14.99
23,Busselton,8,AU,1603738809,74,-33.65,115.33,57.0,5.95
24,Pio XII,98,BR,1603739049,61,-3.83,-45.15,88.86,5.53
25,Ushuaia,75,AR,1603738761,53,-54.8,-68.3,51.8,17.22
26,Avarua,100,CK,1603738896,73,-21.21,-159.78,75.2,12.75
27,Saint-Augustin,86,CA,1603738926,61,51.23,-58.65,37.98,12.48
28,Iqaluit,75,CA,1603738687,72,63.75,-68.51,15.8,4.7
29,Tuktoyaktuk,75,CA,1603738920,84,69.45,-133.04,6.8,12.75
30,Labuhan,45,ID,1603739050,84,-6.88,112.21,79.3,8.77
31,Tuatapere,100,NZ,1603738908,90,-46.13,167.68,48.0,1.01
32,Mayuge,86,UG,1603739050,84,0.46,33.48,65.07,2.59
33,Evensk,100,RU,1603738931,90,61.95,159.23,30.69,11.79
34,Hermanus,100,ZA,1603738907,84,-34.42,19.23,64.0,4.0
35,Thinadhoo,73,MV,1603738918,70,0.53,72.93,82.96,8.39
36,Camabatela,100,AO,1603739050,100,-8.19,15.38,66.67,3.87
37,Hambantota,40,LK,1603738910,94,6.12,81.12,78.8,2.24
38,Mar del Plata,0,AR,1603738603,32,-38.0,-57.56,66.2,8.05
39,Talara,0,PE,1603739051,57,-4.58,-81.27,78.8,9.17
40,Ahipara,26,NZ,1603739051,92,-35.17,173.17,60.87,4.12
41,Mossamedes,78,AO,1603738940,78,-15.2,12.15,69.66,5.88
42,Dingle,100,PH,1603738946,91,11.0,122.67,75.7,6.26
43,Bluff,98,NZ,1603738902,90,-46.6,168.33,48.0,1.01
44,Ulaangom,98,MN,1603739052,88,49.98,92.07,24.31,1.88
45,Vardø,75,NO,1603738986,86,70.37,31.11,37.4,18.34
46,Aginskoye,0,RU,1603739052,85,51.1,114.53,23.38,17.94
47,Punta Arenas,20,CL,1603738905,40,-53.15,-70.92,53.6,29.97
48,Irbeyskoye,100,RU,1603738921,90,55.64,95.45,33.53,4.9
49,Barrow,75,US,1603738812,92,71.29,-156.79,17.6,3.36
50,Zeya,100,RU,1603739053,92,53.75,127.27,32.23,3.62
51,Asău,11,RO,1603739053,98,46.43,26.4,52.0,2.06
52,Kahului,20,US,1603738962,61,20.89,-156.47,80.6,5.82
53,Arraial do Cabo,20,BR,1603738889,65,-22.97,-42.03,78.8,8.05
54,Port Alfred,100,ZA,1603738911,81,-33.59,26.89,65.66,26.6
55,Qaanaaq,88,GL,1603738905,74,77.48,-69.36,8.2,9.19
56,Belmonte,75,BR,1603738961,74,-15.86,-38.88,84.2,12.75
57,Caucayá,93,CO,1603739053,43,-0.19,-74.78,94.37,4.5
58,Isangel,16,VU,1603738885,81,-19.55,169.27,73.69,8.9
59,Mataura,85,NZ,1603738828,90,-46.19,168.86,48.0,1.01
60,Cidreira,100,BR,1603738914,86,-30.18,-50.21,71.31,9.15
61,Faanui,100,PF,1603738920,78,-16.48,-151.75,79.9,14.72
62,Assiut,0,EG,1603739054,53,27.18,31.18,75.2,11.41
63,Yellowknife,75,CA,1603738681,68,62.46,-114.35,25.0,8.05
64,New Norfolk,100,AU,1603738892,64,-42.78,147.06,50.0,1.36
65,Vostok,0,RU,1603738909,99,46.49,135.88,27.7,3.44
66,Bandarbeyla,98,SO,1603738966,76,9.49,50.81,76.78,15.95
67,Luau,100,AO,1603739054,88,-10.71,22.22,67.86,4.74
68,Bredasdorp,100,ZA,1603738887,82,-34.53,20.04,64.4,12.75
69,Puerto Ayora,40,EC,1603738911,73,-0.74,-90.35,75.2,16.11
70,Margate,100,GB,1603738963,78,51.38,1.39,51.01,1.99
71,Dunedin,58,NZ,1603738627,81,-45.87,170.5,52.0,3.98
72,Sandwick,75,GB,1603739055,87,60.0,-1.25,50.0,6.93
73,Preeceville,99,CA,1603738962,89,51.95,-102.67,20.03,10.89
74,Coquimbo,75,CL,1603738964,77,-29.95,-71.34,59.0,14.99
75,Mount Gambier,100,AU,1603738939,87,-37.83,140.77,46.4,11.41
76,Orlik,100,RU,1603739055,89,52.52,99.83,15.37,3.13
77,Belaya Gora,0,RU,1603738904,88,68.53,146.42,3.56,4.97
78,Naze,20,JP,1603738920,77,28.37,129.48,66.2,4.7
79,Yuncheng,100,CN,1603739056,34,35.02,110.99,61.18,4.0
80,Sola,75,VU,1603738903,78,-13.88,167.55,82.4,5.82
81,Vaini,40,TO,1603738908,88,-21.2,-175.2,71.6,8.05
82,Leningradskiy,100,RU,1603738925,98,69.38,178.42,26.13,5.84
83,Tsiroanomandidy,93,MG,1603739056,67,-18.77,46.03,70.56,0.85
84,Sur,0,OM,1603739056,61,22.57,59.53,72.07,1.79
85,Bambous Virieux,40,MU,1603738922,73,-20.34,57.76,73.99,9.17
86,Ilulissat,75,GL,1603738762,67,69.22,-51.1,19.4,5.82
87,Bathsheba,40,BB,1603738866,70,13.22,-59.52,87.8,11.41
88,Matara,19,LK,1603738914,89,5.95,80.54,77.68,6.55
89,Acapulco de Juárez,90,MX,1603738964,79,16.86,-99.89,86.0,2.24
90,Qandala,21,SO,1603739057,40,11.47,49.87,77.88,4.56
91,Ganzhou,43,CN,1603739057,70,28.82,115.43,61.16,2.91
92,Colceag,15,RO,1603739057,100,44.95,26.35,53.6,3.36
93,Castro,100,BR,1603738909,69,-24.79,-50.01,73.17,7.72
94,Klaksvík,17,FO,1603738903,80,62.23,-6.59,41.0,5.82
95,Korla,61,CN,1603738875,81,41.76,86.15,42.01,4.0
96,Ambulu,44,ID,1603739058,89,-8.35,113.61,76.32,1.88
97,Kommunisticheskiy,100,RU,1603739058,96,61.68,64.48,24.28,10.74
98,Dashitou,100,CN,1603739058,67,43.31,128.51,43.66,3.58
99,Karratha,55,AU,1603739046,75,-20.74,116.85,69.66,11.77
100,Vao,1,NC,1603738953,83,-22.67,167.48,72.88,15.14
101,Concordia,75,AR,1603739058,64,-31.39,-58.02,73.4,13.87
102,San Rafael,85,AR,1603738816,18,-34.62,-68.33,78.42,22.37
103,Majene,98,ID,1603739059,82,-3.54,118.97,78.31,3.22
104,Wagar,0,SD,1603738954,44,16.15,36.2,85.89,18.39
105,East London,90,ZA,1603738830,93,-33.02,27.91,62.6,8.05
106,Broome,90,US,1603739059,87,42.25,-75.83,57.0,5.82
107,Tiksi,99,RU,1603738902,93,71.69,128.87,6.13,9.19
108,Wajir,82,KE,1603739059,39,1.75,40.06,90.64,17.07
109,Dikson,100,RU,1603738615,95,73.51,80.55,12.06,14.9
110,Guanajuato City,40,MX,1603739059,23,21.02,-101.26,77.0,3.09
111,Hasaki,20,JP,1603738899,87,35.73,140.83,53.6,8.05
112,Tefé,40,BR,1603739060,59,-3.35,-64.71,91.4,5.82
113,Mahon,20,ES,1603739060,81,39.89,4.27,53.6,6.93
114,Oistins,40,BB,1603738938,70,13.07,-59.53,87.8,11.41
115,High Level,90,CA,1603739060,63,58.52,-117.14,26.6,3.96
116,Lubao,90,PH,1603739060,100,14.92,120.55,78.8,2.24
117,Chokurdakh,100,RU,1603738676,96,70.63,147.92,8.01,11.68
118,West Richland,75,US,1603739060,55,46.3,-119.36,39.99,3.36
119,Flinders,100,AU,1603738908,91,-34.58,150.86,55.99,7.0
120,Lingao,5,CN,1603739061,84,19.91,109.69,73.17,3.94
121,Mahébourg,40,MU,1603738903,73,-20.41,57.7,73.4,9.17
122,Brigantine,90,US,1603739061,88,39.41,-74.36,66.99,9.17
123,Fortuna,1,US,1603739061,25,40.6,-124.16,68.0,3.36
124,Carnarvon,0,AU,1603738912,94,-24.87,113.63,69.8,19.46
125,Bull Savanna,99,JM,1603739061,80,17.89,-77.59,80.98,17.18
126,Benguela,100,AO,1603739061,80,-12.58,13.41,75.11,5.88
127,Verkhniy Baskunchak,22,RU,1603739062,53,48.23,46.72,46.42,5.75
128,Mayo,90,US,1603739062,100,38.89,-76.51,60.01,5.82
129,Hays,75,US,1603739062,74,30.05,-98.03,80.6,8.05
130,Santa Rita,40,BR,1603739062,70,-7.11,-34.98,84.2,11.41
131,Cherskiy,0,RU,1603738817,93,68.75,161.3,4.89,5.93
132,Westport,90,US,1603738909,93,41.14,-73.36,55.0,8.05
133,Sayyan,1,YE,1603739062,34,15.17,44.32,54.03,4.0
134,Ust-Kuyga,100,RU,1603738908,87,70.02,135.6,-1.28,3.78
135,Arlit,0,NE,1603738956,13,18.74,7.39,84.34,8.75
136,Cherkasskoye,0,RU,1603739063,86,52.43,47.22,34.77,3.87
137,Awjilah,0,LY,1603738917,51,29.11,21.29,71.91,6.73
138,Ribeira Grande,40,PT,1603738832,88,38.52,-28.7,69.8,17.22
139,Palmer,90,US,1603739063,87,42.16,-72.33,51.01,3.36
140,Nikolskoye,40,RU,1603738911,87,59.7,30.79,46.99,8.95
141,Pitimbu,40,BR,1603739063,70,-7.47,-34.81,84.2,11.41
142,Mitsamiouli,19,KM,1603739064,73,-11.38,43.28,78.58,8.43
143,Enzan,21,JP,1603739064,92,35.7,138.73,48.99,0.56
144,Taoudenni,18,ML,1603738859,16,22.68,-3.98,91.18,10.85
145,Hastings,0,GB,1603739064,75,50.86,0.57,51.01,1.99
146,Guerrero Negro,4,MX,1603738920,51,27.98,-114.06,73.31,16.69
147,Hilo,90,US,1603738781,83,19.73,-155.09,75.99,5.82
148,Ontario,1,US,1603738857,5,34.06,-117.65,64.4,35.57
149,Nome,90,US,1603738892,74,64.5,-165.41,35.6,5.82
150,Talcahuano,0,CL,1603739064,58,-36.72,-73.12,57.2,13.87
151,Waingapu,82,ID,1603739065,75,-9.66,120.26,79.25,4.32
152,Chui,100,UY,1603738886,93,-33.7,-53.46,59.95,15.73
153,Port Elizabeth,90,ZA,1603738923,82,-33.92,25.57,64.4,21.92
154,Nanortalik,100,GL,1603738889,84,60.14,-45.24,36.05,8.84
155,Kaohsiung City,75,TW,1603739065,74,22.62,120.31,79.0,3.36
156,São João da Barra,75,BR,1603738914,78,-21.64,-41.05,77.0,9.17
157,Airai,62,TL,1603738856,100,-8.93,125.41,61.02,1.61
158,Progreso,75,MX,1603739065,74,21.28,-89.67,88.0,4.7
159,Rock Springs,1,US,1603739065,71,41.59,-109.2,6.8,8.05
160,Sal Rei,40,CV,1603739066,74,16.18,-22.92,82.4,19.46
161,Severnyy,0,RU,1603739066,70,50.68,36.55,46.4,8.95
162,Severo-Kuril'sk,93,RU,1603738929,85,50.68,156.12,43.07,2.71
163,Kousséri,0,CM,1603739066,28,12.08,15.03,82.4,4.7
164,Kapaa,40,US,1603738912,88,22.08,-159.32,77.0,6.93
165,Yegorlykskaya,100,RU,1603739066,62,46.57,40.66,53.46,14.61
166,Samarai,100,PG,1603738927,83,-10.62,150.67,81.18,8.41
167,Mbandaka,19,CD,1603739067,93,0.05,18.26,71.15,3.13
168,Pangai,75,TO,1603738937,88,-19.8,-174.35,75.2,13.87
169,Batticaloa,100,LK,1603739067,78,7.71,81.69,81.19,5.14
170,Tasiilaq,100,GL,1603738953,47,65.61,-37.64,33.8,16.11
171,Berbera,0,SO,1603739067,46,10.44,45.01,82.0,5.03
172,Paamiut,100,GL,1603739067,90,61.99,-49.67,32.67,32.82
173,Lorengau,100,PG,1603739067,75,-2.02,147.27,80.22,3.65
174,Porto Belo,20,BR,1603738891,78,-27.16,-48.55,79.0,16.11
175,Forsytheganj,0,BY,1603738920,81,52.63,29.73,47.52,9.75
176,Butaritari,100,KI,1603738901,66,3.07,172.79,81.32,5.97
177,Souillac,40,MU,1603738889,73,-20.52,57.52,73.4,9.17
178,Bethel,90,US,1603738847,87,41.37,-73.41,53.01,3.36
179,Saskylakh,98,RU,1603738843,93,71.92,114.08,4.06,5.88
180,Balvi,98,LV,1603739068,89,57.13,27.27,49.89,10.38
181,Touros,40,BR,1603738912,62,-5.2,-35.46,86.0,13.87
182,Erzin,100,TR,1603739068,31,36.96,36.2,78.01,5.99
183,Carauari,94,BR,1603739068,48,-4.88,-66.9,93.78,4.07
184,Cayenne,18,GF,1603739069,62,4.93,-52.33,87.8,14.99
185,Pevek,96,RU,1603738638,95,69.7,170.31,23.49,10.96
186,Erenhot,0,CN,1603739069,76,43.65,111.98,31.66,7.34
187,Dawlatabad,1,AF,1603739069,57,36.41,64.91,49.39,0.69
188,Beringovskiy,0,RU,1603738962,92,63.05,179.32,30.67,1.3
189,Vila Velha,75,BR,1603738887,69,-20.33,-40.29,80.6,20.8
190,Hong Kong,57,HK,1603738687,82,22.29,114.16,75.0,1.01
191,‘Ewa Beach,1,US,1603739069,83,21.32,-158.01,78.01,3.36
192,Departamento de Maldonado,40,UY,1603738914,77,-34.67,-54.92,61.0,23.04
193,Mucurapo,20,TT,1603738821,78,10.67,-61.53,86.0,4.0
194,Payson,1,US,1603739070,35,40.04,-111.73,30.0,3.36
195,Tadine,7,NC,1603739070,80,-21.55,167.88,71.91,10.83
196,Boulsa,0,BF,1603739070,18,12.67,-0.58,84.09,3.76
197,Pisco,0,PE,1603738928,68,-13.7,-76.22,70.0,8.05
198,Pathein,0,MM,1603739070,90,16.78,94.73,75.99,3.85
199,Jiazi,69,CN,1603738908,80,22.88,116.07,70.05,15.19
200,Walvis Bay,0,NA,1603738946,82,-22.96,14.51,59.0,5.82
201,Riyadh,0,SA,1603738668,28,24.69,46.72,73.4,3.38
202,Korampallam,89,IN,1603739071,71,8.77,78.1,81.72,4.23
203,Lebu,100,CL,1603738839,67,-37.62,-73.65,54.73,7.81
204,Upernavik,95,GL,1603738872,80,72.79,-56.15,17.26,4.54
205,Kenai,90,US,1603739071,87,60.55,-151.26,44.01,18.34
206,Esperance,0,AU,1603738931,87,-33.87,121.9,57.2,8.05
207,Talnakh,40,RU,1603738907,84,69.49,88.4,1.4,1.59
208,Alofi,90,NU,1603738881,88,-19.06,-169.92,69.8,10.29
209,La Asuncion,0,VE,1603738936,72,11.03,-63.86,83.44,13.04
210,Otavi,88,NA,1603739072,24,-19.65,17.33,81.72,15.99
211,Cabo San Lucas,5,MX,1603738901,45,22.89,-109.91,90.0,8.05
212,Saint-Pierre,41,RE,1603739072,83,-21.34,55.48,71.6,5.82
213,San Anselmo,1,US,1603739072,4,37.97,-122.56,71.6,5.82
214,Waterford,90,US,1603739072,70,42.7,-83.4,46.0,10.29
215,Kolokani,6,ML,1603739072,15,13.57,-8.03,81.79,7.23
216,Khatanga,77,RU,1603738871,94,71.97,102.5,2.64,9.35
217,Sisimiut,72,GL,1603739073,88,66.94,-53.67,21.49,3.49
218,Peniche,100,PT,1603738907,73,39.36,-9.38,57.99,7.96
219,Sangar,100,RU,1603738901,97,63.92,127.47,18.0,2.28
220,Portland,20,US,1603738820,52,45.52,-122.68,48.0,4.7
221,Orcotuna,100,PE,1603739073,37,-11.97,-75.33,65.93,7.07
222,Spearfish,1,US,1603739073,61,44.49,-103.86,28.99,4.7
223,São Gabriel da Cachoeira,93,BR,1603739073,50,-0.13,-67.09,93.09,1.48
224,Honiara,20,SB,1603738968,94,-9.43,159.95,75.2,2.53
225,Saint Paul Harbor,1,US,1603738903,45,57.79,-152.41,48.2,17.22
226,Bichura,0,RU,1603739074,81,50.59,107.6,25.61,2.28
227,Maitum,90,PH,1603739074,71,6.04,124.5,78.31,3.06
228,El Carmen,21,CO,1603739074,61,8.51,-73.45,82.72,2.84
229,Atagay,100,RU,1603739074,87,55.1,99.39,30.65,4.12
230,Foumban,82,CM,1603739074,84,5.73,10.9,66.99,3.04
231,Totoró,60,CO,1603739074,78,2.51,-76.4,64.02,0.78
232,Mhlume,100,SZ,1603739075,75,-26.03,31.85,75.99,1.01
233,Calmar,75,CA,1603739075,40,53.27,-113.82,37.4,11.41
234,Lüderitz,0,NA,1603738902,70,-26.65,15.16,62.51,20.13
235,Lompoc,1,US,1603738693,59,34.64,-120.46,70.0,6.46
236,Port Macquarie,97,AU,1603738955,95,-31.43,152.92,57.0,13.18
237,Riohacha,8,CO,1603739075,62,11.54,-72.91,88.97,14.67
238,Nongstoin,0,IN,1603739075,95,25.52,91.27,59.11,3.0
239,Sibu,75,MY,1603739075,94,2.3,111.82,75.2,4.7
240,Enid,90,US,1603739038,100,36.4,-97.88,28.4,6.93
241,Kutum,70,SD,1603738958,20,14.2,24.67,75.97,12.62
242,Fonte Boa,60,BR,1603739076,57,-2.5,-66.27,88.88,2.42
243,Zhezkazgan,1,KZ,1603739076,63,47.8,67.71,44.91,15.41
244,La Ronge,5,CA,1603738941,54,55.1,-105.28,28.4,12.75
245,Abhā,0,SA,1603738941,14,18.22,42.51,68.0,6.93
246,Antofagasta,20,CL,1603738932,59,-23.65,-70.4,68.0,12.75
247,Constitución,5,CL,1603738919,55,-35.33,-72.42,59.56,17.29
248,Māngrol,0,IN,1603739076,63,21.12,70.12,82.53,0.92
249,Gizo Government Station,100,SB,1603739077,73,-8.1,156.84,81.75,2.21
250,São Paulo de Olivença,91,BR,1603738864,51,-3.38,-68.87,93.42,2.89
251,Ballina,90,AU,1603738864,82,-28.87,153.57,66.2,11.41
252,Caucaia,20,BR,1603738880,70,-3.74,-38.65,84.2,13.87
253,Cockburn Town,100,TC,1603739077,79,21.46,-71.14,83.26,19.82
254,Okha,93,RU,1603738926,84,53.57,142.95,39.52,11.14
255,Valparaíso,0,CL,1603739077,40,-33.04,-71.63,71.6,16.11
256,Trinitapoli,20,IT,1603739078,63,41.36,16.09,62.6,4.7
257,Mariehamn,90,AX,1603738915,93,60.1,19.93,51.8,10.29
258,Ponta do Sol,75,PT,1603738960,77,32.67,-17.1,66.2,9.17
259,Edgewater,75,US,1603739021,78,28.99,-80.9,84.99,11.41
260,Mezhdurechensk,100,RU,1603739078,92,53.69,88.06,38.43,3.4
261,College,90,US,1603738919,92,64.86,-147.8,30.2,6.93
262,Lashio,10,MM,1603739079,99,22.93,97.75,65.39,1.66
263,Surgut,90,RU,1603739079,100,61.25,73.42,24.8,13.42
264,Hamilton,90,US,1603738886,81,39.18,-84.53,51.8,5.82
265,Takaka,100,NZ,1603739079,93,-40.85,172.8,60.01,8.01
266,Geraldton,40,AU,1603738900,93,-28.77,114.6,55.4,10.25
267,Mapimí,5,MX,1603739079,22,25.82,-103.85,86.0,2.46
268,Tomatlán,52,MX,1603738968,61,19.93,-105.25,90.36,6.22
269,Øksfjord,0,NO,1603739079,75,70.24,22.35,41.0,14.99
270,Yavaros,42,MX,1603739080,53,26.7,-109.52,87.01,8.99
271,Shimoda,17,JP,1603738960,88,34.67,138.95,54.0,1.01
272,Novo Aripuanã,99,BR,1603739080,44,-5.12,-60.38,95.45,2.59
273,Zhangaözen,5,KZ,1603739080,59,43.3,52.8,48.15,13.02
274,San Patricio,75,US,1603738913,62,28.02,-97.52,89.01,20.8
275,Tevriz,100,RU,1603739080,96,57.51,72.4,40.87,10.67
276,Hirara,97,JP,1603739080,70,24.8,125.28,76.62,15.82
277,Numan,31,NG,1603739080,28,9.47,12.03,81.61,1.61
278,Idanre,56,NG,1603739081,96,7.11,5.12,73.65,2.44
279,Jalu,10,LY,1603738949,50,29.03,21.55,72.27,6.89
280,Torbay,40,CA,1603738902,38,47.67,-52.73,42.01,13.87
281,Provideniya,20,RU,1603738912,93,64.38,-173.3,28.8,0.76
282,Halifax,75,CA,1603739070,66,44.65,-63.57,51.01,9.17
283,Basoko,30,CD,1603739081,91,1.24,23.62,73.65,1.21
284,Santa Marta,17,CO,1603738807,72,11.24,-74.2,87.01,1.01
285,Mayumba,86,GA,1603739081,86,-3.43,10.66,76.95,5.77
286,Yar-Sale,59,RU,1603738946,96,66.83,70.83,7.97,7.02
287,Mattru,88,SL,1603739082,93,7.62,-11.83,76.77,4.32
288,Gladstone,40,AU,1603739082,94,-23.85,151.25,69.8,4.7
289,Kollam,75,IN,1603738927,79,8.88,76.6,84.2,4.7
290,Norman Wells,75,CA,1603738636,73,65.28,-126.83,24.8,21.92
291,Pidhorodne,0,UA,1603739082,71,48.58,35.11,50.0,13.42
292,Lafia,0,NG,1603739082,61,8.48,8.52,80.11,2.13
293,Bafoulabé,0,ML,1603739082,14,13.81,-10.83,85.75,3.02
294,Adrar,0,MR,1603738927,11,20.5,-10.07,91.67,8.1
295,Mendi,99,PG,1603738898,97,-6.18,143.65,51.94,2.93
296,Inta,0,RU,1603739083,92,66.03,60.17,13.78,6.55
297,The Pas,20,CA,1603738835,49,53.83,-101.25,24.8,10.29
298,Quzhou,100,CN,1603739083,82,28.96,118.87,62.19,4.07
299,Avera,90,US,1603738888,94,33.19,-82.53,69.8,5.82
300,Yulara,0,AU,1603738940,31,-25.24,130.99,60.8,5.82
301,Bonavista,100,CA,1603739083,52,48.65,-53.11,41.0,8.99
302,Aykhal,75,RU,1603738957,91,66.0,111.5,-5.8,2.24
303,Viedma,15,AR,1603739083,14,-40.81,-63.0,82.0,10.0
304,Esim,100,GH,1603739083,87,4.87,-2.24,78.28,7.76
305,Pascagoula,1,US,1603738940,65,30.37,-88.56,80.6,3.36
306,Lakes Entrance,92,AU,1603738915,96,-37.88,147.98,52.0,11.43
307,Manono,100,CD,1603739084,83,-7.3,27.42,72.16,1.74
308,Manokwari,0,ID,1603738801,74,-0.87,134.08,79.0,5.01
309,Santiago,0,CL,1603739060,26,-33.46,-70.65,82.99,6.93
310,George Town,20,MY,1603738842,88,5.41,100.34,77.0,3.36
311,Severnoye,100,RU,1603739084,96,56.35,78.36,42.75,11.32
312,Lagoa,100,PT,1603738946,87,39.05,-27.98,67.96,24.52
313,Kapuskasing,75,CA,1603739084,58,49.42,-82.43,28.4,5.82
314,Nkhata Bay,35,MW,1603739085,72,-11.61,34.29,77.29,5.77
315,Vänersborg,100,SE,1603739085,93,58.38,12.32,50.0,6.93
316,Longyearbyen,75,SJ,1603738659,79,78.22,15.64,23.0,11.41
317,Ouadda,0,CF,1603739085,69,8.08,22.4,70.77,3.15
318,Saint George,1,US,1603738807,20,37.1,-113.58,46.0,29.97
319,Livingstone,0,ZM,1603739085,24,-17.84,25.85,79.39,5.93
320,Yangi Marg`ilon,0,UZ,1603738924,53,40.43,71.72,50.0,6.93
321,Agirish,99,RU,1603739085,96,61.92,63.02,23.47,12.03
322,Itarema,0,BR,1603739086,66,-2.92,-39.92,83.62,15.64
323,Wanaka,100,NZ,1603739072,73,-44.7,169.15,48.99,1.99
324,Llandrindod Wells,5,GB,1603739086,89,52.24,-3.38,48.0,10.0
325,Bambanglipuro,100,ID,1603739086,87,-7.95,110.28,76.75,7.56
326,Khorramshahr,0,IR,1603739086,49,30.44,48.17,71.6,2.24
327,Krasnyy Yar,0,RU,1603739086,57,46.53,48.35,48.2,4.47
328,Oranjestad,40,AW,1603738959,66,12.52,-70.03,87.8,18.34
329,Buchmany,0,UA,1603739087,80,51.07,28.04,49.57,8.79
330,Huarmey,100,PE,1603738965,65,-10.07,-78.15,70.79,11.63
331,Onguday,62,RU,1603739087,88,50.75,86.15,32.25,4.05
332,Iwaki,71,JP,1603739087,98,37.05,140.88,51.01,5.37
333,Mirante do Paranapanema,90,BR,1603739087,93,-22.29,-51.91,66.2,13.87
334,Alyangula,100,AU,1603739087,94,-13.85,136.42,77.0,5.82
335,Khovd,0,MN,1603738735,77,48.01,91.64,28.87,1.12
336,Pontalina,98,BR,1603739088,63,-17.52,-49.45,84.33,6.62
337,Kungurtug,0,RU,1603739088,84,50.6,97.52,21.38,2.44
338,Conde,40,BR,1603739088,70,-7.26,-34.91,84.2,11.41
339,Pangnirtung,75,CA,1603738829,79,66.15,-65.71,19.4,6.93
340,Tabou,84,CI,1603739088,88,4.42,-7.35,78.28,6.98
341,Juruti,41,BR,1603739088,40,-2.15,-56.09,96.12,4.85
342,Kaitangata,99,NZ,1603738895,84,-46.28,169.85,50.0,1.01
343,Sørland,75,NO,1603738953,87,67.67,12.69,48.2,23.04
344,Bagrāmī,0,AF,1603739089,26,34.49,69.27,48.2,3.36
345,Ola,97,RU,1603739089,85,59.58,151.28,32.99,14.43
346,Khvoynaya,98,RU,1603739089,91,58.9,34.53,43.99,8.41
347,Half Moon Bay,1,US,1603738918,7,37.46,-122.43,66.99,21.92
348,Yumen,100,CN,1603738936,77,40.28,97.2,30.6,3.02
349,Tokonou,100,GN,1603739089,64,9.65,-9.78,74.79,0.4
350,Takoradze,100,GH,1603738959,88,4.88,-1.76,78.24,8.32
351,Moerai,100,PF,1603739089,82,-22.43,-151.33,73.09,20.74
352,San Cristobal,40,VE,1603738945,46,7.77,-72.22,91.4,4.7
353,Laguna,1,US,1603739090,11,38.42,-121.42,69.01,18.34
354,Hualmay,97,PE,1603739090,68,-11.1,-77.61,69.57,10.04
355,Tambun,20,ID,1603739090,88,-6.26,107.07,78.01,4.7
356,Bataiporã,100,BR,1603739090,93,-22.3,-53.27,69.58,5.66
357,São João de Pirabas,2,BR,1603739090,66,-0.77,-47.18,85.28,9.62
358,Berlevåg,20,NO,1603738893,86,70.86,29.09,33.8,21.92
359,Regeneração,100,BR,1603739090,43,-6.24,-42.69,92.43,1.97
360,Kalakamati,0,BW,1603739090,21,-20.59,27.31,80.6,6.93
361,Velyka Bahachka,100,UA,1603739091,59,49.79,33.72,52.5,12.12
362,Necochea,0,AR,1603738914,49,-38.55,-58.74,62.74,6.4
363,Quryq,0,KZ,1603739091,50,43.2,51.65,54.23,10.07
364,Sinnamary,0,GF,1603739073,69,5.38,-52.95,85.06,10.49
365,Sirte,0,LY,1603739091,71,31.21,16.59,72.99,18.3
366,Jatai,100,BR,1603739049,52,-17.88,-51.71,86.09,4.92
367,Ubari,70,LY,1603739091,24,26.59,12.78,74.91,11.48
368,Rivadavia,0,AR,1603739083,26,-33.19,-68.46,78.8,14.99
369,Singaraja,100,ID,1603739092,75,-8.11,115.09,79.47,5.37
370,Monrovia,100,LR,1603739092,81,6.3,-10.8,80.47,8.1
371,Pau Brasil,100,BR,1603739092,81,-15.46,-39.65,78.22,2.98
372,Middlebury (village),90,US,1603738814,93,44.02,-73.17,46.0,8.05
373,Peace River,90,CA,1603738961,89,56.25,-117.29,32.0,12.75
374,Zhaozhou,0,CN,1603739092,72,45.68,125.32,38.5,11.5
375,Glendive,1,US,1603739054,72,47.11,-104.71,16.0,18.34
376,Port Hedland,81,AU,1603738939,88,-20.32,118.57,69.8,11.41
377,Marystown,0,CA,1603739093,100,47.17,-55.15,43.0,8.01
378,Ashford,37,GB,1603738804,76,51.15,0.87,50.0,1.99
379,Roanoke Rapids,90,US,1603739093,93,36.46,-77.65,62.6,3.36
380,Zonguldak,0,TR,1603739093,89,41.25,31.83,56.91,3.31
381,Chanika,34,TZ,1603739093,92,-5.42,38.02,68.36,5.44
382,Berlin,20,DE,1603739093,93,52.52,13.41,55.0,3.36
383,Bud,90,US,1603739094,66,39.45,-86.18,51.01,8.05
384,Camacha,40,PT,1603738916,68,33.08,-16.33,66.2,9.17
385,Arrondissement du Havre,75,FR,1603739094,87,49.58,0.33,51.8,17.22
386,Samaipata,86,BO,1603739044,55,-18.15,-63.87,67.82,7.52
387,Gazli,49,UZ,1603739094,40,40.13,63.45,53.13,4.56
388,Cartagena del Chairá,12,CO,1603738884,42,1.33,-74.84,94.6,4.43
389,Verkhoyansk,100,RU,1603739094,89,67.54,133.38,5.11,2.73
390,Itupiranga,20,BR,1603739095,44,-5.13,-49.33,96.8,4.7
391,Salihorsk,0,BY,1603739095,83,52.79,27.54,48.45,9.19
392,Rio Grande,100,BR,1603738952,93,-32.03,-52.1,70.0,13.65
393,Porto-Novo,40,BJ,1603738739,83,6.5,2.6,82.4,11.41
394,Te Anau,69,NZ,1603738918,80,-45.42,167.72,43.56,2.98
395,Kiryat Gat,0,IL,1603738922,100,31.61,34.76,77.0,1.01
396,Laas,90,IT,1603738943,100,46.62,10.7,50.0,8.05
397,Escuinapa,40,MX,1603739095,56,22.85,-105.8,93.2,4.7
398,Lazarev,20,RU,1603739095,78,52.23,141.51,38.08,12.08
399,El Águila,40,CO,1603739096,57,4.91,-76.04,80.6,3.36
400,Chapais,90,CA,1603738900,86,49.78,-74.85,30.2,11.41
401,Andenes,0,NO,1603739096,80,69.31,16.12,41.0,13.87
402,Borogontsy,100,RU,1603739096,93,62.67,131.17,16.83,4.27
403,Verkh-Usugli,0,RU,1603739096,85,52.7,115.17,21.34,5.77
404,Mercedes,0,AR,1603738970,22,-34.65,-59.43,73.99,5.01
405,Cap Malheureux,0,MU,1603739096,74,-19.98,57.61,73.99,5.01
406,Nyurba,100,RU,1603738961,86,63.28,118.33,13.21,4.88
407,Varhaug,75,NO,1603738915,87,58.61,5.65,48.2,4.7
408,Sebrovo,85,RU,1603739097,82,50.1,43.3,43.0,1.01
409,Gewanē,0,ET,1603739097,26,10.17,40.65,81.25,13.35
410,Pavino,0,RU,1603739097,96,59.11,46.14,27.25,1.9
411,Lloydminster,75,CA,1603738803,86,53.28,-110.0,32.0,14.99
412,Sioux Lookout,75,CA,1603738840,63,50.1,-91.92,26.6,9.17
413,Neuquén,0,AR,1603738824,14,-38.95,-68.06,75.2,5.82
414,El Dorado,100,US,1603739097,11,38.77,-120.52,66.0,1.99
415,Stornoway,40,GB,1603739098,87,58.21,-6.39,48.2,11.41
416,Port Keats,67,AU,1603739098,83,-14.25,129.55,78.93,10.09
417,Olinda,75,BR,1603738917,62,-8.01,-34.86,86.0,9.17
418,La Santisima Trinidad,40,BO,1603739098,50,-14.83,-64.9,96.8,16.11
419,Salalah,0,OM,1603738780,61,17.02,54.09,78.8,5.82
420,Flin Flon,5,CA,1603738875,62,54.77,-101.86,23.0,9.17
421,Lakhi,0,PK,1603739099,69,27.85,68.7,73.4,2.04
422,Marawi,100,PH,1603739099,88,8.0,124.29,75.99,5.99
423,Thanh Hoa,100,VN,1603739099,89,19.8,105.77,71.6,5.61
424,Koulamoutou,100,GA,1603739099,94,-1.13,12.47,73.38,1.81
425,Hibbing,90,US,1603739099,58,47.43,-92.94,24.8,10.29
426,Kostanay,90,KZ,1603739099,97,53.17,63.58,32.0,26.84
427,Maragogi,0,BR,1603739099,73,-9.01,-35.22,79.84,16.58
428,Quito,40,EC,1603738861,27,-0.23,-78.52,78.8,6.93
429,Dwārka,0,IN,1603738935,49,22.24,68.97,83.75,10.13
430,Huntsville,90,US,1603738966,64,34.73,-86.59,75.0,4.7
431,Ancud,90,CL,1603738907,100,-41.87,-73.82,52.0,17.22
432,Shingū,14,JP,1603738779,68,33.73,135.98,53.24,5.95
433,Kimbe,100,PG,1603739100,88,-5.55,150.14,75.96,2.48
434,Unity,100,CA,1603739100,77,52.45,-109.17,30.49,11.41
435,Waddān,0,LY,1603739100,38,29.16,16.14,73.13,9.71
436,Srednekolymsk,0,RU,1603738931,91,67.45,153.68,6.71,7.23
437,Muravlenko,100,RU,1603739100,97,63.79,74.52,13.06,13.89
438,Kuantan,20,MY,1603739101,88,3.81,103.33,78.8,2.24
439,Limbang,75,MY,1603739101,94,4.75,115.0,75.2,10.29
440,Santa Maria,99,BR,1603738817,95,-29.68,-53.81,65.41,11.9
441,Dubbo,75,AU,1603738966,93,-32.25,148.62,50.0,8.05
442,Staszów,1,PL,1603739101,77,50.56,21.17,57.0,3.0
443,Mount Isa,90,AU,1603738819,32,-20.73,139.5,69.8,8.05
444,Mezen',100,RU,1603739101,96,65.85,44.24,26.73,12.5
445,Boueni,75,YT,1603739102,78,-12.9,45.08,78.8,4.7
446,Charyshskoye,100,RU,1603739102,77,51.4,83.56,36.68,5.68
447,Salta,40,AR,1603738923,41,-24.79,-65.41,77.0,5.82
448,Osoyoos,90,CA,1603739102,76,49.03,-119.45,32.0,8.05
449,Tauranga,57,NZ,1603739102,93,-37.69,176.17,62.01,1.01
450,Nazarovo,100,RU,1603739103,94,56.01,90.39,35.96,10.04
451,Cam Ranh,40,VN,1603739103,100,11.92,109.16,78.8,4.7
452,Nago,1,JP,1603738932,82,26.59,127.98,69.8,8.05
453,Comodoro Rivadavia,0,AR,1603739103,34,-45.87,-67.5,64.4,26.4
454,Mackenzie,90,CA,1603739103,92,55.3,-123.17,24.8,12.75
455,Ambilobe,15,MG,1603738924,72,-13.2,49.05,74.16,4.59
456,Malakal,50,SS,1603738899,88,9.53,31.66,74.19,4.05
457,Paita,0,PE,1603738928,57,-5.09,-81.11,78.8,9.17
458,Bose,100,IT,1603739104,94,45.46,8.01,53.01,1.01
459,Dudinka,40,RU,1603739104,84,69.41,86.18,1.4,0.47
460,Inírida,100,CO,1603739104,53,3.87,-67.92,91.31,2.06
461,Malindi,20,KE,1603739104,78,-3.22,40.12,80.6,11.41
462,Codrington,73,AU,1603738915,72,-38.27,141.97,48.63,12.44
463,Warmbad,0,NA,1603739105,32,-28.45,18.73,76.15,14.74
464,Bikin,24,RU,1603739105,92,46.82,134.26,34.99,3.38
465,Kosice,75,SK,1603739105,87,48.67,21.33,55.4,6.93
466,Poção de Pedras,63,BR,1603739106,44,-4.67,-44.85,93.81,5.1
467,Manzhouli,0,CN,1603739106,88,49.6,117.43,25.36,22.57
468,Zhigansk,100,RU,1603738881,91,66.77,123.37,-1.32,12.59
469,Lüshunkou,0,CN,1603739106,87,38.8,121.27,64.0,2.24
470,Hope,100,US,1603739106,94,33.67,-93.59,57.99,5.01
471,Enshi,98,CN,1603739106,68,30.3,109.48,59.14,0.54
472,Opuwo,52,NA,1603739107,36,-18.06,13.84,72.57,11.97
473,Gobabis,100,NA,1603739107,38,-22.45,18.97,73.4,1.25
474,Mana,7,GF,1603739107,66,5.66,-53.78,86.0,11.79
475,Sibolga,100,ID,1603739108,81,1.74,98.78,76.03,3.27
476,Tacuarembó,100,UY,1603739108,84,-31.73,-55.98,66.42,11.99
477,Springfield,90,US,1603738913,100,37.22,-93.3,36.0,12.75
478,St. George's,40,GD,1603739108,74,12.06,-61.75,86.0,17.22
479,Clearlake,14,US,1603739108,10,38.96,-122.63,66.0,5.99
480,Buchanan,100,LR,1603739024,87,5.88,-10.05,78.87,8.34
481,Quatre Cocos,40,MU,1603738934,73,-20.21,57.76,73.99,9.17
482,Kruisfontein,100,ZA,1603738862,91,-34.0,24.73,64.0,8.01
483,Coreaú,7,BR,1603739108,29,-3.53,-40.66,96.58,7.78
484,Poum,1,NC,1603738936,80,-20.23,164.02,75.67,15.66
485,Nioro,0,GM,1603739109,37,13.35,-15.75,86.59,4.21
486,Bilibino,100,RU,1603738902,94,68.05,166.44,8.44,3.02
487,Norfolk,90,US,1603739010,76,42.17,-71.25,54.0,3.36
488,Dedza,7,MW,1603739109,61,-14.38,34.33,65.25,3.56
489,Broken Hill,18,AU,1603738941,93,-31.95,141.43,48.2,3.36
490,Qasigiannguit,75,GL,1603739109,67,68.82,-51.19,19.4,5.82
491,Ferry Pass,40,US,1603739109,61,30.51,-87.21,84.99,6.93
492,Prince Rupert,90,CA,1603739110,87,54.32,-130.32,50.0,14.99
493,Batagay-Alyta,100,RU,1603738759,84,67.8,130.41,6.58,2.28
494,Xicoténcatl,0,MX,1603739110,60,23.02,-98.88,89.01,10.0
495,Stokmarknes,40,NO,1603739110,70,68.56,14.91,48.2,2.24
496,Ivanteyevka,100,RU,1603739110,70,55.97,37.92,46.4,4.47
497,Itaituba,40,BR,1603738857,53,-4.28,-55.98,95.0,2.26
498,Rabo de Peixe,20,PT,1603739110,82,37.8,-25.58,68.0,19.46
499,Santa Isabel Rio Negro,50,BR,1603739111,51,-0.41,-65.02,92.14,4.59
500,Ringsted,100,DK,1603739111,93,55.44,11.79,51.8,9.17
501,Juegang,100,CN,1603739111,1,32.32,121.19,64.0,2.8
502,Newport,0,GB,1603739111,89,51.59,-3.0,52.0,13.87
503,Mpanda,93,TZ,1603739111,68,-6.37,31.04,73.94,4.14
504,Exeter,16,GB,1603738858,93,50.72,-3.53,48.0,11.77
505,Praia,75,CV,1603739111,69,14.92,-23.51,82.4,18.34
506,Clyde River,90,CA,1603738927,72,70.47,-68.59,14.0,16.11
507,Daru,39,PG,1603739111,86,-9.08,143.21,77.81,7.23
508,San Miguel de Tucumán,0,AR,1603738982,26,-26.82,-65.22,84.2,10.29
509,Maumere,100,ID,1603739112,77,-8.62,122.21,80.08,5.75
510,Kysyl-Syr,99,RU,1603739112,92,63.9,122.76,8.64,7.11
511,Ucluelet,90,CA,1603739094,87,48.93,-125.55,46.99,2.24
512,Qaqortoq,75,GL,1603739112,28,60.72,-46.03,46.4,14.99
513,Hay River,75,CA,1603739109,85,60.82,-115.8,24.8,5.82
514,Mehamn,0,NO,1603738949,85,71.04,27.85,32.0,13.87
515,Mwinilunga,100,ZM,1603739113,49,-11.74,24.43,74.55,4.68
516,Krasnoarmeysk,0,RU,1603739113,75,51.02,45.7,41.0,4.0
517,Voh,2,NC,1603739113,85,-20.97,164.7,70.99,4.54
518,Najrān,0,SA,1603739114,20,17.49,44.13,68.0,2.17
519,San Miguel,100,SV,1603739114,79,13.48,-88.18,86.0,2.8
520,Along,9,IN,1603739114,88,28.17,94.77,64.72,1.54
521,Bairiki Village,75,KI,1603738936,78,1.33,172.98,78.8,3.36
522,Isabela,75,PH,1603739114,94,6.71,121.97,77.0,2.24
523,Abbeville,68,FR,1603739115,79,50.1,1.83,48.99,10.85
524,Ipixuna,75,BR,1603739115,70,-1.76,-48.8,87.8,12.75
525,Caravelas,0,BR,1603738910,75,-17.71,-39.25,78.91,9.64
526,Kakamega,75,KE,1603739115,73,0.28,34.75,73.4,3.36
527,Oga,90,IT,1603739115,100,46.46,10.35,39.99,6.93
528,Imbituba,75,BR,1603738854,65,-28.24,-48.67,78.8,14.99
529,Kavieng,100,PG,1603738895,68,-2.57,150.8,82.63,6.78
530,Eenhana,95,NA,1603739115,12,-17.47,16.33,93.2,2.24
531,Ihosy,22,MG,1603739116,78,-22.4,46.12,67.51,6.8
532,Auki,75,SB,1603739116,84,-8.77,160.7,77.4,2.75
533,Pimentel,0,PE,1603739116,57,-6.84,-79.93,75.2,14.99
534,Bereket,100,TM,1603739116,27,39.24,55.52,64.69,5.75
535,Fier,0,AL,1603739116,75,40.72,19.56,61.65,4.52
536,Baruun-Urt,0,MN,1603738918,78,46.68,113.28,22.75,7.18
537,Seoul,1,KR,1603739104,100,37.57,126.98,46.4,1.16
538,Aksu,29,CN,1603738846,49,41.12,80.26,46.08,3.91
539,Alice Springs,0,AU,1603738931,37,-23.7,133.88,55.4,3.36
540,Rome,90,US,1603739117,93,43.21,-75.46,46.4,6.93
541,Bella Vista,90,US,1603738852,100,36.43,-94.23,37.99,6.93
542,Hīt,0,IQ,1603739117,25,33.64,42.83,67.1,2.01
543,Leh,0,IN,1603738906,66,34.17,77.58,29.23,2.55
544,Thasos,0,GR,1603739117,87,40.69,24.65,63.0,3.36
545,Mormugao,75,IN,1603739117,94,15.4,73.8,78.8,11.41
546,Noumea,0,NC,1603738975,82,-22.28,166.46,66.2,3.36
547,Saint-Joseph,47,RE,1603738932,83,-21.37,55.62,71.6,5.82
548,São Borja,85,BR,1603739118,82,-28.66,-56.0,69.08,13.96
549,Guane,100,CU,1603739118,88,22.2,-84.09,79.43,15.86
550,Ningyang,100,CN,1603739109,58,35.76,116.79,57.78,2.73
551,Grindavik,75,IS,1603739118,86,63.84,-22.43,41.0,17.22
552,Pamekasan,59,ID,1603739118,80,-7.16,113.47,80.83,7.18
553,Manadhoo,18,MV,1603738906,78,5.77,73.38,82.13,9.64
554,Rusnė,40,LT,1603739118,93,55.3,21.38,53.6,8.95
555,Meulaboh,99,ID,1603738952,87,4.14,96.13,76.91,4.03
556,Phalaborwa,0,ZA,1603739119,57,-23.94,31.14,78.8,3.36
557,Mgandu,97,TZ,1603739119,54,-5.95,34.13,70.7,6.22
558,Minna,100,NG,1603739119,74,9.61,6.56,84.2,4.7
559,Carora,78,VE,1603739119,44,10.18,-70.08,90.32,7.83
560,Xichang,100,CN,1603738898,71,27.9,102.26,60.67,1.41
561,Kulhudhuffushi,50,MV,1603739002,75,6.62,73.07,82.47,5.73
562,Obihiro,9,JP,1603738996,79,42.92,143.2,40.03,2.48
563,Jumla,0,NP,1603738870,59,29.27,82.18,42.28,4.63
564,Gamba,100,GA,1603738922,86,-2.65,10.0,76.71,7.31
565,Diapaga,0,BF,1603739120,23,12.07,1.79,84.33,5.68
566,Sitka,90,US,1603738914,87,57.05,-135.33,51.8,5.82
567,Knysna,90,ZA,1603739120,100,-34.04,23.05,62.6,14.99
